date,channel,region,age,income,spend,converted
2025-11-02,线下,西部,50.0,18769.83,172.82,0
2026-01-01,线上,南部,45.0,42240.27,1178.9,0
2025-12-24,线下,北部,38.0,46745.61,1018.27,0
2025-11-05,线下,南部,24.0,42589.04,322.75,0
2026-01-21,线上,北部,42.0,50183.96,1388.07,1
2025-11-20,线下,南部,35.0,23968.51,941.29,0
2025-11-23,线上,南部,31.0,21705.97,113.26,0
2025-11-17,线上,南部,20.0,,417.09,0
2025-12-01,线上,西部,49.0,18327.08,412.01,0
2025-11-16,线下,西部,24.0,,276.59,0
2025-12-02,线上,西部,46.0,25763.8,295.79,1
2026-01-13,线下,南部,36.0,22232.96,1142.62,0
2025-12-11,线上,东部,27.0,24118.44,1450.34,0
2026-01-23,线下,东部,40.0,24202.92,906.34,0
2025-12-11,线上,北部,28.0,31159.59,714.23,1
2025-11-25,线下,西部,28.0,24896.72,2008.57,0
2026-01-10,线下,北部,34.0,-50651.259934890404,,0
2026-01-13,线下,南部,32.0,23525.71,834.36,0
2026-01-17,线下,东部,27.0,25026.77,355.31,0
2026-01-20,线上,北部,,30596.76,308.76,1
2025-11-03,线上,南部,39.0,12538.96,136.08,0
2025-12-17,线上,西部,43.0,19159.31,218.16,0
2025-11-25,线上,西部,28.0,38260.96,,0
2025-11-23,线上,西部,33.0,32193.3,667.92,1
2025-11-22,线下,西部,24.0,28152.35,815.94,1
2026-01-14,线上,南部,45.0,33180.56,258.55,0
2026-01-11,线上,东部,45.0,15393.04,353.65,0
2025-11-20,线下,北部,32.0,29865.81,,0
2025-12-07,线上,南部,47.0,19700.81,1224.73,0
2026-01-06,线上,南部,30.0,33026.62,582.37,0
2025-11-14,线下,西部,29.0,61397.07,804.86,0
2025-12-27,线下,西部,30.0,14466.6,478.5,0
2025-12-10,线上,北部,35.0,59343.01,1125.52,1
2026-01-23,线上,西部,37.0,19797.48,517.39,0
2026-01-06,线下,北部,32.0,35027.83,1161.31,1
2025-11-21,线上,北部,39.0,16603.73,412.37,0
2026-01-15,线下,东部,39.0,22946.62,344.37,1
2026-01-11,线下,西部,48.0,,423.86,0
2025-11-20,线下,北部,29.0,50727.67,368.88,1
2025-12-17,线上,西部,42.0,75426.07,1406.02,1
2026-01-11,线上,西部,35.0,20467.66,,0
2025-11-21,线上,西部,42.0,22817.7,913.12,0
2025-11-23,线下,东部,40.0,49590.72,151.13,0
2025-11-15,线下,东部,19.0,18138.97,445.6,1
2025-11-01,线下,北部,39.0,14133.45,671.75,0
2025-12-15,线下,南部,25.0,,1204.5,0
2025-11-02,线下,北部,41.0,27218.59,1330.17,0
2025-12-23,线上,东部,39.0,51852.03,452.81,0
2025-12-08,线下,北部,34.0,27050.59,969.67,0
2025-11-17,线下,西部,,11359.35,674.45,1
2025-12-03,线上,南部,40.0,,1288.09,0
2025-11-02,线上,北部,46.0,22541.9,327.47,0
2025-11-13,线上,西部,25.0,37054.11,864.57,0
2025-12-13,线上,东部,42.0,27742.91,509.56,1
2025-11-07,线下,东部,31.0,14290.28,943.88,1
2026-01-05,线下,东部,36.0,10904.79,1807.42,0
2025-11-24,线上,南部,33.0,49644.76,839.56,1
2026-01-22,线上,北部,35.0,36178.28,202.74,0
2025-11-16,线上,南部,39.0,68258.86,187.42,0
2025-12-27,线下,东部,34.0,29435.19,648.99,0
2025-12-17,线下,西部,25.0,29554.97,884.16,0
2026-01-22,线上,东部,52.0,22122.43,476.49,1
2025-12-26,线上,北部,37.0,12072.89,1010.93,0
2026-01-17,线下,南部,34.0,38799.84,746.27,0
2025-12-12,线上,北部,44.0,24160.55,1049.34,0
2025-11-20,线下,西部,33.0,27337.64,1197.9,0
2025-11-18,线上,南部,31.0,28991.53,773.48,1
2026-01-17,线下,西部,50.0,51466.15,,0
2025-11-19,线上,东部,33.0,24882.99,1311.35,1
2026-01-05,线下,东部,49.0,19280.82,841.0,1
2025-12-18,线下,西部,54.0,26955.07,462.49,0
2025-11-26,线下,北部,26.0,69524.74,141.87,0
2025-12-07,线下,西部,23.0,31394.1,1116.91,1
2026-01-11,线上,南部,35.0,28689.21,982.59,0
2025-12-11,线上,南部,45.0,23148.21,493.92,0
2026-01-17,线上,东部,30.0,23168.56,,0
2026-01-25,线上,西部,31.0,15897.93,296.43,0
2025-11-27,线上,西部,24.0,20514.4,638.39,0
2025-12-18,线上,南部,46.0,29137.12,402.42,0
2025-12-18,线下,北部,29.0,14591.24,892.03,1
2025-12-19,线下,北部,28.0,24436.18,158.71,0
2025-11-07,线上,北部,43.0,14831.63,292.99,0
2025-12-04,线上,南部,41.0,17416.99,540.95,0
2025-12-23,线下,南部,36.0,21525.97,295.81,0
2026-01-22,线下,东部,27.0,26837.09,1026.5,0
2025-11-22,线下,东部,33.0,25459.43,1176.14,0
2025-12-28,线下,北部,30.0,53472.9,1059.9,1
2026-01-08,线下,东部,33.0,50292.69,399.36,0
2026-01-23,线下,西部,45.0,24143.29,578.48,0
2025-11-16,线下,东部,39.0,24444.92,1136.78,0
2025-12-31,线上,东部,25.0,18390.87,254.21,0
2025-11-29,线下,北部,24.0,60931.44,215.27,1
2025-12-10,线上,东部,38.0,48413.36,863.32,0
2025-11-02,线上,南部,40.0,16418.78,307.86,0
2026-01-05,线上,东部,74.6129439732992,,277.67,0
2025-11-03,线上,西部,27.0,52685.52,1167.73,0
2025-12-04,线下,北部,22.0,22249.47,781.62,0
2025-12-15,线上,西部,41.0,21452.29,2693.57,1
2025-12-31,线上,北部,40.0,44310.59,1098.42,1
2025-12-13,线上,东部,39.0,20081.42,,0
2026-01-15,线上,东部,40.0,80162.12,1046.33,1
2025-11-12,线下,东部,31.0,32246.43,241.52,0
2025-11-24,线下,南部,36.0,21631.29,829.34,1
2025-11-24,线上,东部,31.0,6736.26,,0
2025-12-05,线下,北部,31.0,40522.26,1422.49,0
2025-11-01,线上,南部,18.0,13731.09,821.89,0
2025-12-09,线上,南部,34.0,,241.85,0
2025-12-05,线下,南部,39.0,32139.56,473.26,0
2025-12-23,线上,北部,41.0,35500.9,836.75,1
2025-12-22,线上,东部,27.0,12542.38,631.14,0
2025-11-26,线上,东部,48.0,19188.33,106.61,0
2025-12-09,线上,西部,46.0,35136.06,1152.09,0
2025-12-16,线上,北部,29.0,36430.73,1217.61,1
2026-01-15,线上,南部,30.0,57328.5,764.97,0
2025-11-07,线上,西部,41.0,18828.61,481.29,0
2025-12-26,线上,西部,,13642.03,911.55,0
2025-11-08,线上,东部,31.0,12129.6,984.18,0
2025-11-24,线上,东部,31.0,28594.2,693.82,0
2025-12-10,线上,南部,33.0,46378.98,988.82,0
2026-01-12,线上,西部,45.0,112292.68846120621,386.2,0
2025-12-01,线下,南部,32.0,20004.97,232.31,0
2025-12-15,线下,南部,34.0,40843.97,,1
2025-12-23,线下,东部,43.0,27630.98,279.95,0
2026-01-08,线上,东部,47.0,,1620.15,0
2025-12-06,线下,东部,33.0,21031.06,80.56,0
2025-12-21,线下,南部,30.0,28340.96,1308.62,0
2026-01-15,线上,南部,38.0,23182.88,788.61,0
2025-12-10,线上,西部,40.0,34950.99,745.21,0
2026-01-24,线上,西部,28.0,18220.95,968.87,0
2025-12-06,线下,南部,55.0,30427.03,455.68,0
2025-12-09,线下,西部,,18093.93,-1558.158044905348,1
2025-11-03,线下,南部,42.0,14285.73,1546.69,0
2025-12-18,线上,北部,29.0,39537.96,158.71,1
2025-12-13,线上,东部,42.0,25269.78,453.46,0
2025-12-08,线上,北部,51.0,,627.77,1
2025-12-27,线下,北部,32.0,15254.87,277.33,0
2025-12-20,线上,北部,21.0,21874.09,872.24,0
2026-01-25,线上,南部,40.0,48820.12,1405.88,0
2025-12-07,线上,北部,36.0,30293.57,834.41,0
2025-12-10,线下,东部,22.0,45560.72,513.03,1
2026-01-13,线上,东部,49.0,36877.83,588.6,1
2025-12-14,线上,西部,31.0,49564.81,637.66,0
2025-11-23,线上,东部,25.0,29449.33,1310.89,0
2025-12-17,线上,东部,50.0,40278.4,,1
2025-12-16,线上,南部,37.0,11483.38,722.75,1
2025-12-07,线上,南部,39.0,31706.4,1121.92,0
2025-12-18,线上,西部,39.0,9898.98,789.7,0
2025-12-23,线下,南部,52.0,42508.48,624.41,0
2026-01-27,线下,北部,37.0,103622.62,839.38,1
2025-11-07,线下,西部,,23795.35,229.24,0
2026-01-22,线上,西部,14.0,56134.29,965.88,0
2025-12-14,线下,南部,31.0,41878.39,1924.15,0
2025-12-05,线上,东部,48.0,24095.61,974.44,0
2025-12-25,线上,北部,30.0,21263.64,1166.07,0
2025-11-11,线上,南部,30.0,35358.71,206.46,0
2026-01-06,线上,西部,47.0,29248.37,1367.16,0
2025-11-09,线上,东部,40.0,29250.44,857.02,0
2025-12-09,线上,东部,31.0,25237.94,142.03,0
2025-11-19,线下,东部,38.0,22638.23,,0
2025-11-28,线下,北部,,17100.09,1909.0,0
2025-12-13,线上,东部,,12482.13,1243.83,0
2025-11-01,线下,北部,36.0,112292.68846120621,,1
2026-01-19,线上,西部,37.0,31652.56,838.56,1
2026-01-08,线上,西部,25.0,13218.97,509.17,1
2026-01-26,线下,南部,42.0,18542.58,826.2,0
2025-11-07,线下,南部,,12106.74,477.7,0
2025-11-16,线下,南部,40.0,39732.8,713.96,0
2025-12-15,线下,东部,40.0,45857.09,369.13,0
2026-01-16,线下,西部,35.0,20511.24,2894.36,0
2025-11-28,线上,北部,33.0,25436.43,568.93,0
2025-11-27,线上,北部,10.0,,735.8,0
2026-01-15,线下,西部,36.0,23744.11,568.26,0
2025-11-01,线上,北部,11.0,35252.57,1415.22,0
2026-01-25,线上,西部,38.0,65862.63,578.18,0
2025-11-18,线上,东部,41.0,44448.02,105.1,1
2025-11-29,线下,东部,40.0,40301.83,758.46,0
2025-11-30,线上,东部,34.0,67503.84,581.86,0
2026-01-20,线上,东部,,14264.99,989.84,1
2026-01-13,线下,东部,46.0,32006.94,130.0,1
2025-12-01,线下,北部,33.0,11779.35,658.28,0
2025-12-01,线上,北部,34.0,64336.25,809.5,0
2026-01-13,线下,西部,45.0,38848.97,143.81,0
2025-11-26,线上,西部,37.0,25907.32,339.7,1
2026-01-11,线上,西部,54.0,21429.81,1298.18,1
2026-01-13,线上,北部,33.0,20272.18,898.19,1
2025-12-29,线上,南部,38.0,23423.95,877.7,0
2026-01-06,线上,东部,28.0,12231.29,2147.58,0
2025-11-21,线下,北部,37.0,20949.8,155.49,0
2025-12-21,线上,东部,31.0,20724.1,423.41,0
2025-11-13,线下,北部,22.0,17536.61,420.84,0
2025-11-06,线上,西部,20.0,20554.64,932.18,0
2025-12-09,线上,北部,38.0,23570.39,917.82,0
2025-11-27,线上,南部,28.0,30220.53,324.06,1
2025-11-14,线上,南部,34.0,40421.63,,0
2025-12-18,线下,东部,34.0,22066.1,806.79,0
2026-01-18,线上,南部,32.0,10009.09,1198.0,1
2025-11-23,线下,东部,74.6129439732992,24133.8,,0
2025-11-17,线上,东部,33.0,18132.92,357.48,0
2026-01-18,线上,西部,30.0,26752.13,1172.68,1
2025-11-03,线下,南部,27.0,12884.81,1174.54,0
2025-12-23,线上,北部,42.0,17758.68,575.98,0
2025-12-21,线上,东部,32.0,17449.6,498.85,1
2025-12-13,线上,南部,45.0,31257.4,439.45,0
2025-12-09,线下,东部,39.0,17835.44,244.54,0
2025-11-03,线上,西部,31.0,17702.64,949.44,0
2026-01-17,线上,东部,39.0,22581.17,193.86,0
2025-11-07,线下,北部,39.0,30458.09,309.56,0
2025-11-15,线上,北部,28.0,18024.69,1098.46,0
2026-01-19,线上,东部,37.0,12271.4,1326.37,0
2025-12-03,线上,西部,38.0,16270.53,,0
2025-12-12,线下,西部,36.0,25851.43,2159.15,0
2025-12-28,线上,北部,40.0,30039.31,253.15,0
2025-12-21,线上,东部,34.0,53968.67,381.09,0
2026-01-23,线上,南部,48.0,14185.75,825.79,0
2026-01-24,线下,南部,55.0,17668.61,691.72,1
2025-11-24,线上,南部,32.0,39791.18,516.19,0
2026-01-08,线上,西部,20.0,17493.45,,1
2026-01-01,线上,西部,,31296.03,2652.25,0
2025-11-23,线下,北部,39.0,37335.32,975.72,0
2025-11-14,线下,西部,36.0,23918.99,652.9,0
2026-01-13,线上,东部,25.0,36692.35,1304.18,1
2026-01-06,线上,北部,38.0,60112.05,,1
2025-12-04,线上,东部,42.0,37492.02,1446.99,0
2025-11-27,线上,南部,29.0,36629.67,305.95,1
2026-01-02,线下,南部,50.0,52501.79,556.39,0
2025-11-22,线上,南部,29.0,50716.56,938.51,0
2025-12-12,线上,南部,41.0,57152.48,998.37,1
2025-11-21,线上,南部,34.0,20675.39,634.58,0
2025-12-26,线下,东部,24.0,,,0
2025-12-04,线下,北部,35.0,19386.03,1590.29,1
2025-12-30,线下,西部,34.0,22527.74,695.97,0
2025-11-30,线上,西部,57.0,13943.71,336.23,1
2025-12-27,线上,东部,44.0,15496.17,920.18,1
2025-12-26,线上,北部,51.0,24124.97,846.68,0
2025-12-11,线下,西部,47.0,112292.68846120621,185.79,0
2025-12-20,线上,南部,36.0,19234.52,1494.81,0
2025-11-17,线上,北部,,14791.02,626.78,0
2026-01-07,线下,北部,50.0,41354.96,413.92,1
2026-01-04,线下,东部,27.0,45310.34,661.58,1
2025-11-27,线上,西部,36.0,33654.11,361.69,1
2025-12-08,线上,东部,31.0,37712.19,2240.35,0
2026-01-26,线上,西部,,52968.64,,0
2025-11-12,线下,南部,51.0,39767.07,259.65,0
2025-12-19,线上,西部,34.0,34038.5,446.97,0
2025-12-18,线下,南部,27.0,12370.03,588.1,0
2026-01-01,线上,东部,44.0,11385.92,946.28,0
2025-12-11,线上,北部,23.0,26405.33,480.98,0
2026-01-01,线上,东部,38.0,43369.15,605.53,1
2025-11-11,线上,南部,31.0,28917.92,464.56,0
2025-11-14,线上,北部,40.0,29599.56,1585.47,0
2025-12-18,线下,西部,39.0,14522.04,815.04,0
2025-11-14,线下,南部,27.0,19197.74,1021.16,1
2025-11-03,线上,北部,50.0,54433.1,257.91,1
2025-12-12,线上,北部,47.0,22415.37,1126.37,0
2026-01-03,线上,东部,28.0,23109.61,,0
2025-12-17,线下,西部,26.0,,98.28,1
2026-01-18,线上,北部,32.0,60311.94,1090.87,1
2025-11-25,线上,西部,25.0,16840.9,713.4,0
2025-12-11,线下,东部,27.0,38910.14,1109.12,1
2025-11-17,线下,东部,44.0,13001.17,612.7,0
2025-11-23,线下,西部,36.0,10066.35,1334.77,0
2025-12-16,线上,东部,41.0,28764.96,904.67,0
2025-12-25,线上,南部,53.0,21216.76,,0
2025-12-30,线上,东部,34.0,46206.77,592.52,1
2025-11-24,线下,西部,31.0,,571.57,0
2025-11-21,线下,北部,35.0,49306.44,513.14,1
2025-12-07,线上,北部,44.0,25733.56,1082.96,0
2025-11-20,线上,东部,37.0,24984.03,351.27,0
2025-11-21,线上,东部,21.0,24817.85,198.86,0
2026-01-25,线上,东部,30.0,82674.11,581.79,0
2025-12-01,线上,北部,24.0,21285.29,423.05,0
2026-01-05,线下,北部,27.0,49977.77,792.28,0
2025-11-29,线下,北部,23.0,11046.1,451.08,0
2025-11-04,线上,东部,39.0,9292.13,1094.03,0
2025-11-05,线下,东部,42.0,26163.93,922.08,0
2026-01-28,线上,东部,34.0,17155.49,1780.75,0
2025-12-03,线下,西部,27.0,8904.54,320.63,0
2025-11-01,线下,北部,36.0,68542.72,243.76,0
2025-12-05,线下,南部,35.0,49222.83,815.18,1
2025-11-24,线上,北部,28.0,46639.1,1235.09,1
2025-12-31,线上,南部,29.0,29676.01,754.21,0
2026-01-22,线上,南部,34.0,41008.4,411.87,0
2026-01-20,线上,东部,33.0,18187.37,482.01,0
2025-11-08,线上,南部,30.0,31342.23,553.25,0
2025-11-01,线下,西部,35.0,31943.97,575.93,0
2026-01-16,线上,东部,36.0,54587.93,524.68,0
2025-11-17,线下,南部,40.0,38185.17,573.39,0
2025-11-14,线上,东部,44.0,18535.13,693.2,1
2026-01-25,线上,南部,32.0,17962.77,321.09,0
2025-11-17,线上,东部,39.0,62240.11,297.76,1
2026-01-17,线上,南部,,17824.3,471.68,0
2026-01-10,线上,北部,21.0,16925.79,1005.13,0
2025-11-19,线上,南部,35.0,30900.52,393.35,1
2026-01-20,线上,南部,33.0,12053.99,592.83,1
2025-12-27,线上,北部,37.0,12902.67,542.3,1
2025-12-12,线下,北部,51.0,38933.68,,0
2025-12-14,线下,西部,33.0,35891.73,788.26,0
2025-11-04,线下,南部,41.0,33786.38,1521.72,1
2026-01-18,线上,西部,43.0,87809.8,1561.45,0
2025-11-29,线上,东部,40.0,39992.06,1297.71,0
2025-11-26,线上,北部,40.0,47705.34,877.21,0
2025-11-02,线下,南部,26.0,15419.6,915.54,0
2025-11-24,线下,西部,34.0,23250.0,440.85,1
2025-12-02,线下,东部,,16504.27,1359.52,0
2025-11-05,线下,东部,34.0,31073.17,1084.2,0
2025-12-30,线下,西部,30.0,33502.64,771.09,0
2025-11-13,线下,南部,,21586.96,438.27,0
2025-11-24,线上,南部,35.0,26518.91,877.47,0
2025-12-14,线下,西部,24.0,37963.27,635.17,0
2025-12-29,线上,西部,30.0,31917.65,845.18,0
2025-11-17,线下,南部,24.0,37702.32,508.06,0
2026-01-23,线上,西部,23.0,25491.25,641.76,0
2025-12-17,线上,北部,41.0,-50651.259934890404,749.32,0
2025-12-12,线上,西部,39.0,16303.68,547.53,1
2026-01-07,线上,东部,48.0,17317.6,558.54,0
2025-11-19,线上,南部,25.0,36429.38,896.17,1
2025-11-26,线下,东部,39.0,34405.55,616.02,0
2026-01-23,线下,北部,39.0,23462.8,972.86,0
2026-01-03,线下,南部,40.0,28541.19,109.48,0
2026-01-25,线上,北部,41.0,12353.47,1098.45,1
2025-12-27,线上,南部,40.0,28430.09,331.35,0
2025-11-13,线下,东部,36.0,31520.78,1012.85,0
2026-01-07,线上,北部,29.0,16498.54,829.0,0
2026-01-20,线上,西部,43.0,33879.19,278.75,0
2025-11-12,线上,东部,15.0,16064.0,,1
2025-11-27,线上,南部,27.0,35877.03,359.45,1
2026-01-10,线上,南部,36.0,28062.07,785.88,1
2025-11-12,线下,西部,27.0,41898.64,549.75,1
2026-01-27,线下,东部,37.0,41286.47,547.7,0
2025-11-11,线上,东部,28.0,56607.05,699.12,0
2025-11-03,线上,东部,46.0,,1418.84,1
2026-01-08,线上,北部,31.0,41291.03,889.87,0
2025-11-01,线下,南部,29.0,23235.66,1238.13,0
2025-11-08,线上,东部,32.0,27851.06,410.09,0
2025-12-31,线下,东部,38.0,25659.4,325.3,0
2026-01-08,线上,南部,30.0,17449.04,403.22,0
2026-01-19,线上,南部,25.0,29796.98,486.61,0
2025-11-22,线上,北部,32.0,49495.48,516.91,0
2026-01-13,线上,北部,26.0,23531.48,880.92,0
2025-12-08,线上,东部,33.0,46735.02,997.82,0
2026-01-09,线上,东部,33.0,7288.71,636.73,1
2025-11-13,线上,东部,29.0,61008.81,135.14,1
2026-01-05,线上,西部,40.0,15146.1,603.0,0
2025-12-29,线下,东部,43.0,33963.78,340.99,1
2025-12-07,线上,南部,20.0,55369.78,637.15,0
2025-12-12,线上,北部,49.0,13024.26,481.69,1
2025-11-16,线下,东部,36.0,32666.04,320.28,0
2025-12-06,线上,北部,37.0,53280.77,1038.69,1
2025-12-25,线上,北部,24.0,28646.01,515.12,0
2026-01-12,线下,北部,18.0,25598.26,262.51,1
2025-12-24,线上,北部,50.0,27437.76,817.66,1
2025-12-12,线上,北部,37.0,30716.12,497.05,0
2026-01-04,线上,南部,45.0,35776.78,154.61,0
2026-01-02,线上,西部,40.0,35780.94,201.0,0
2026-01-25,线上,北部,74.6129439732992,19791.82,166.06,0
2026-01-10,线上,西部,,21896.69,704.67,0
2025-11-07,线下,北部,35.0,42742.19,1718.48,0
2025-12-26,线上,北部,35.0,56070.53,681.54,0
2026-01-04,线上,东部,34.0,25993.51,493.74,0
2026-01-26,线上,东部,41.0,23267.21,880.47,0
2026-01-08,线上,东部,28.0,34428.62,958.12,1
2025-12-20,线下,北部,27.0,44744.15,505.42,0
2025-11-04,线下,南部,31.0,29660.7,459.03,0
2025-11-20,线上,南部,37.0,29213.4,697.89,0
2026-01-08,线上,东部,30.0,43171.39,586.99,0
2025-12-19,线上,南部,33.0,34947.54,553.12,0
2026-01-01,线下,南部,42.0,46824.25,1051.18,1
2025-11-23,线上,北部,40.0,28688.45,,0
2026-01-11,线上,南部,31.0,24658.01,328.44,0
2025-11-08,线上,南部,13.0,-50651.259934890404,948.5,0
2026-01-27,线下,北部,25.0,14995.39,811.9,0
2026-01-08,线上,北部,34.0,36005.27,1419.01,1
2026-01-01,线上,西部,39.0,21079.99,1293.98,0
2025-11-24,线下,北部,27.0,,,1
2026-01-11,线上,东部,39.0,17330.59,608.99,1
2025-11-29,线上,西部,31.0,27159.88,492.9,1
2026-01-16,线上,西部,38.0,18102.41,929.96,0
2026-01-28,线上,北部,25.0,26533.28,165.74,0
2026-01-17,线上,北部,33.0,16228.54,404.48,1
2025-12-07,线上,西部,33.0,16104.85,963.55,0
2026-01-21,线上,北部,38.0,25396.05,,1
2025-12-10,线上,西部,,36317.4,1135.4,0
2026-01-13,线上,东部,36.0,60220.37,1573.1,0
2026-01-22,线下,北部,25.0,56314.17,249.32,0
2025-12-05,线下,北部,31.0,14543.77,707.08,0
2026-01-11,线上,西部,16.0,23026.97,1223.17,0
2026-01-28,线下,东部,,74236.43,547.21,0
2026-01-17,线下,东部,26.0,20727.82,766.27,0
2025-11-19,线上,北部,39.0,23580.21,712.62,0
2025-12-13,线上,南部,29.0,20663.4,460.81,0
2025-12-11,线上,北部,38.0,35625.37,725.83,0
2025-11-20,线上,北部,37.0,43984.08,680.3,0
2025-11-20,线上,西部,32.0,29121.99,934.32,0
2025-11-06,线下,东部,37.0,19277.03,436.76,1
2026-01-02,线上,北部,52.0,41650.65,687.04,0
2025-11-08,线上,东部,32.0,29639.15,3062.02606595798,1
2025-11-12,线下,北部,25.0,14053.65,115.28,0
2025-11-13,线上,西部,30.0,17199.02,497.61,1
2025-12-17,线上,西部,37.0,50852.77,1917.92,1
2025-11-25,线上,南部,39.0,55202.49,1237.15,0
2025-12-11,线下,东部,34.0,26832.86,1137.37,0
2026-01-09,线下,东部,34.0,40333.49,1197.47,0
2025-12-03,线上,南部,34.0,43568.46,405.52,0
2025-11-21,线上,东部,15.0,22838.1,789.98,1
2025-11-07,线上,南部,39.0,23532.02,1681.41,0
2025-12-08,线下,东部,36.0,34226.43,1141.98,1
2026-01-13,线上,北部,,38937.96,1746.31,0
2025-12-12,线下,北部,43.0,16714.31,309.28,0
2025-11-25,线上,南部,,23673.43,1343.46,1
2025-11-28,线下,东部,44.0,,898.62,0
2025-11-02,线下,东部,35.0,58041.09,665.97,0
2025-11-16,线上,东部,31.0,23824.33,391.65,0
2025-11-10,线上,西部,40.0,18753.2,790.9,0
2025-11-25,线上,西部,23.0,20966.66,1016.92,0
2026-01-24,线下,南部,45.0,21896.95,831.03,0
2026-01-16,线上,南部,32.0,25439.49,663.19,0
2026-01-08,线上,东部,38.0,13922.95,,0
2026-01-29,线下,北部,30.0,40002.24,585.62,0
2025-11-28,线下,西部,35.0,9334.84,645.62,0
2025-12-04,线下,北部,42.0,11791.54,2135.71,1
2025-11-04,线上,南部,27.0,19866.95,232.17,0
2025-12-12,线上,南部,24.0,36185.45,581.66,0
2025-12-17,线下,南部,34.0,18244.84,,0
2025-12-01,线下,南部,27.0,32281.14,190.25,0
2025-12-31,线下,东部,46.0,27781.16,263.91,1
2025-12-03,线上,西部,33.0,11474.76,1717.37,0
2025-12-11,线下,东部,34.0,49944.16,73.74,0
2026-01-01,线上,南部,34.0,24886.17,494.31,0
2026-01-02,线下,西部,28.0,27880.91,2033.65,0
2026-01-06,线下,东部,27.0,13221.67,432.41,0
2026-01-02,线上,北部,52.0,25416.59,683.8,1
2025-11-29,线下,东部,49.0,41772.99,1700.62,0
2025-11-21,线下,西部,31.0,23842.41,364.43,0
2025-11-14,线下,西部,35.0,17376.37,433.68,0
2025-11-30,线下,南部,40.0,26177.77,494.26,1
2026-01-03,线下,东部,31.0,,376.54,1
2026-01-15,线下,北部,27.0,42066.07,226.97,0
2025-12-10,线下,东部,35.0,47202.59,625.29,0
2025-11-07,线下,北部,,112292.68846120621,610.06,0
2026-01-22,线上,南部,45.0,27553.18,,0
2026-01-14,线上,南部,47.0,65125.42,167.33,0
2025-12-07,线上,西部,37.0,9960.25,183.04,1
2025-12-26,线下,西部,,37215.25,1673.1,0
2025-11-03,线下,西部,36.0,22890.37,662.61,0
2025-12-07,线上,南部,47.0,11144.57,671.55,1
2026-01-05,线下,西部,27.0,16691.59,764.38,0
2026-01-06,线下,东部,45.0,30310.4,1100.85,0
2026-01-28,线上,东部,25.0,30602.11,,1
2025-12-16,线下,北部,38.0,22072.16,670.63,0
2025-12-12,线上,东部,43.0,30618.32,1299.88,0
2025-12-19,线下,西部,35.0,20507.75,460.68,0
2026-01-25,线上,东部,33.0,37871.41,716.09,0
2025-11-12,线上,东部,41.0,31586.77,362.33,0
2025-11-15,线上,西部,35.0,15566.13,1002.28,0
2026-01-12,线上,西部,28.0,29538.2,3062.02606595798,0
2025-11-20,线下,西部,28.0,40893.49,1149.88,0
2025-12-27,线上,北部,29.0,18942.63,505.91,0
2025-12-01,线上,南部,74.6129439732992,13315.78,752.06,1
2026-01-07,线上,西部,26.0,21363.74,1589.45,0
2025-12-07,线上,南部,,37202.46,267.67,1
2025-11-15,线下,东部,28.0,21520.68,678.87,0
2026-01-20,线上,北部,37.0,37907.1,995.99,0
2025-11-01,线下,南部,30.0,12293.53,294.28,0
2026-01-27,线下,西部,29.0,16668.08,484.04,1
2025-11-05,线上,西部,35.0,33558.65,388.44,0
2025-12-16,线上,北部,30.0,31017.97,436.72,0
2026-01-22,线上,东部,38.0,23575.44,672.3,0
2026-01-02,线上,西部,30.0,,916.6,0
2025-11-20,线下,北部,20.0,42087.65,697.27,1
2025-12-27,线下,东部,19.0,23801.66,268.23,1
2025-11-19,线上,南部,23.0,59530.97,775.66,0
2026-01-17,线下,南部,41.0,,382.41,0
2025-11-07,线下,南部,36.0,27219.05,181.52,0
2025-11-10,线上,南部,26.0,20933.23,302.44,1
2026-01-03,线上,东部,,,607.09,0
2025-12-21,线下,东部,43.0,13709.94,542.17,0
2026-01-06,线上,东部,25.0,39596.97,997.6,0
2026-01-12,线上,西部,39.0,22461.01,811.59,0
2025-11-08,线下,南部,41.0,14859.91,485.57,1
2026-01-09,线下,西部,23.0,29883.09,1363.27,0
2025-12-04,线上,南部,33.0,17377.55,828.17,0
2026-01-09,线上,西部,22.0,52352.09,289.18,0
2025-11-19,线下,西部,41.0,20214.77,1723.16,0
2026-01-28,线上,南部,31.0,15358.32,510.51,0
2025-12-14,线下,南部,24.0,14467.6,3062.02606595798,1
2025-11-03,线上,东部,35.0,58844.37,1460.41,1
2026-01-04,线上,东部,34.0,29997.8,374.25,0
2025-11-10,线下,西部,37.0,21272.54,237.32,1
2025-12-24,线上,东部,23.0,38087.02,1206.3,0
2025-11-14,线下,东部,50.0,26171.58,,0
2025-11-20,线上,南部,38.0,26349.69,586.38,1
2025-12-23,线上,西部,28.0,44163.26,233.55,0
2025-12-23,线上,西部,47.0,39076.16,547.04,0
2025-12-09,线下,北部,36.0,12024.98,448.98,0
2025-11-26,线上,南部,28.0,27692.76,811.67,0
2025-11-06,线上,东部,32.0,41864.25,489.57,0
2025-12-01,线上,西部,38.0,31703.02,1083.33,0
2025-11-26,线下,北部,39.0,29153.32,696.95,0
2026-01-29,线下,北部,39.0,9470.0,1539.9,0
2025-12-06,线下,西部,37.0,46366.28,504.94,0
2025-12-19,线上,北部,41.0,19096.02,539.82,1
2025-12-16,线上,东部,34.0,27234.76,1370.94,0
2026-01-23,线上,北部,33.0,41370.36,98.64,0
2026-01-08,线下,南部,34.0,46273.01,72.96,1
2025-12-20,线上,南部,44.0,18274.9,483.35,1
2025-12-15,线上,北部,37.0,33580.02,64.82,1
2026-01-20,线上,北部,22.0,21789.88,793.32,0
2026-01-14,线上,东部,26.0,26016.2,458.25,1
2026-01-02,线上,北部,27.0,28230.72,576.65,0
2025-12-19,线下,北部,36.0,46952.79,814.46,1
2025-11-10,线上,西部,,21617.46,201.64,1
2025-12-03,线下,东部,22.0,60975.65,640.98,0
2026-01-03,线上,东部,22.0,32465.01,656.54,0
2026-01-12,线下,北部,22.0,8434.73,227.84,0
2025-12-31,线上,西部,34.0,26537.21,614.84,0
2025-11-17,线上,东部,30.0,11508.83,1817.77,0
2025-11-20,线上,西部,41.0,32262.64,,0
2026-01-20,线上,西部,20.0,27230.2,472.44,1
2025-12-02,线下,北部,38.0,27383.78,,0
2025-12-31,线上,南部,30.0,82886.68,1530.62,1
2025-11-18,线下,东部,43.0,22340.66,617.94,1
2026-01-25,线上,北部,35.0,33648.98,876.17,0
2025-11-25,线下,南部,29.0,130801.67,707.78,1
2025-11-19,线上,北部,24.0,47531.38,503.34,0
2025-11-25,线上,东部,44.0,31575.78,679.79,0
2025-11-21,线下,西部,31.0,35140.41,926.55,0
2025-11-09,线下,南部,,24922.59,835.24,0
2025-12-12,线上,南部,28.0,41682.53,743.43,0
2025-12-22,线下,西部,36.0,15193.75,272.7,1
2025-11-14,线上,南部,36.0,29763.71,670.74,0
2025-12-12,线上,西部,30.0,19114.91,861.07,1
2025-11-04,线下,东部,33.0,34761.47,811.65,0
2025-12-20,线下,北部,31.0,53376.23,1578.38,0
2025-12-02,线下,东部,44.0,,649.12,0
2025-12-31,线下,北部,,27976.92,337.61,0
2026-01-07,线下,西部,28.0,34231.03,710.08,0
2025-11-15,线上,北部,26.0,20239.67,239.77,0
2026-01-20,线上,西部,32.0,30142.42,447.18,0
2026-01-11,线上,北部,41.0,40273.68,321.67,0
2025-11-21,线上,北部,35.0,31191.13,842.72,0
2025-12-10,线上,东部,34.0,21628.87,674.7,1
2026-01-24,线下,南部,43.0,45432.21,2069.66,1
2026-01-19,线下,东部,41.0,61749.03,1856.74,0
2025-11-08,线上,南部,36.0,30058.41,548.02,0
2026-01-20,线下,北部,50.0,47435.77,260.96,1
2025-11-08,线上,北部,23.0,32501.65,,0
2025-11-30,线下,东部,45.0,14626.75,2138.25,0
2026-01-03,线上,东部,40.0,41953.05,307.37,1
2026-01-14,线下,西部,25.0,49298.86,857.38,0
2025-11-07,线下,东部,44.0,52165.52,1104.17,0
2026-01-26,线上,北部,44.0,26076.65,1268.01,0
2026-01-27,线上,东部,-5.02978607856236,106530.42,827.08,0
2025-12-05,线上,北部,28.0,37939.11,1178.53,0
2025-11-25,线下,南部,30.0,,407.01,0
2025-11-10,线下,南部,46.0,14916.66,518.75,0
2025-11-12,线上,北部,39.0,17792.8,1266.91,0
2025-11-06,线下,西部,26.0,19989.77,1058.67,0
2026-01-09,线上,东部,47.0,14509.91,1509.94,0
2025-12-09,线上,南部,42.0,65450.2,910.59,0
2025-12-09,线上,西部,25.0,40227.34,179.79,0
2025-11-24,线上,西部,37.0,9488.11,972.22,1
2026-01-21,线上,北部,,27930.77,,0
2025-12-18,线上,南部,36.0,31547.59,1337.68,0
2025-12-15,线下,东部,40.0,27872.71,980.38,0
2025-12-05,线下,东部,39.0,108544.05,122.94,0
2025-11-01,线下,西部,42.0,19452.24,259.73,1
2025-11-15,线上,南部,34.0,62981.51,876.95,0
2025-11-15,线上,西部,32.0,25794.59,1252.43,0
2025-12-09,线上,东部,34.0,84290.35,943.72,1
2025-11-09,线下,南部,12.0,6076.58,429.31,0
2026-01-21,线下,南部,33.0,30428.63,87.49,0
2025-11-17,线下,北部,45.0,75743.58,121.42,1
2025-12-23,线下,西部,30.0,36709.1,-1558.158044905348,0
2025-11-25,线下,北部,24.0,15125.09,868.22,0
2025-11-08,线下,北部,39.0,11162.53,621.38,1
2025-11-07,线上,南部,54.0,112292.68846120621,246.58,1
2025-12-13,线上,南部,31.0,14745.77,354.13,1
2026-01-19,线上,东部,,13635.41,633.93,0
2026-01-05,线上,北部,31.0,63717.34,1256.52,0
2025-12-31,线上,东部,25.0,26936.15,667.86,0
2025-12-27,线上,西部,31.0,16987.82,1459.57,0
2025-12-10,线上,北部,,,344.61,1
2026-01-02,线上,西部,32.0,13469.37,346.51,1
2026-01-20,线上,北部,,35560.68,433.53,0
2025-12-18,线上,西部,24.0,31065.85,206.64,0
2025-12-26,线下,南部,23.0,17995.15,43.58,1
2025-11-18,线上,北部,34.0,62982.47,1669.58,0
2026-01-01,线上,北部,35.0,17102.65,440.55,0
2025-11-10,线上,西部,43.0,19495.33,1141.18,0
2026-01-04,线下,西部,42.0,29944.66,1182.89,1
2026-01-29,线上,南部,28.0,,807.66,1
2025-12-10,线上,西部,30.0,33386.72,355.96,1
2025-12-17,线下,南部,29.0,13173.9,270.36,0
2025-11-27,线下,北部,24.0,17606.78,164.83,0
2026-01-07,线上,南部,30.0,59664.69,375.28,0
2026-01-19,线上,南部,,29222.68,442.19,0
2025-11-15,线下,东部,,33089.86,1880.1,0
2025-12-04,线上,北部,41.0,20638.05,469.26,0
2025-12-03,线下,东部,34.0,40844.56,885.21,0
2025-12-10,线上,东部,,25301.56,1196.9,0
2025-11-02,线上,东部,39.0,16034.04,,0
2025-11-25,线上,西部,39.0,57798.73,381.88,1
2025-12-15,线下,南部,46.0,31469.3,248.69,0
2025-12-20,线下,北部,31.0,,779.85,0
2026-01-09,线上,东部,36.0,,790.02,0
2025-12-19,线下,东部,32.0,17416.16,601.8,0
2025-11-04,线下,南部,30.0,-50651.259934890404,137.58,0
2025-12-09,线上,南部,42.0,34401.65,1136.49,1
2025-12-10,线下,南部,38.0,34728.63,307.93,0
2025-12-02,线上,北部,26.0,38036.45,606.69,0
2025-11-26,线上,东部,35.0,18930.69,508.6,0
2025-12-19,线上,南部,39.0,70864.61,107.05,0
2025-12-12,线下,南部,33.0,38142.56,1225.93,1
2025-12-05,线下,西部,34.0,41927.99,1374.28,0
2026-01-28,线上,北部,,10531.58,279.83,0
2026-01-10,线下,北部,28.0,12204.96,1356.48,0
2025-11-13,线上,北部,30.0,16067.46,619.1,0
2025-11-14,线下,北部,46.0,11731.36,371.74,0
2025-11-25,线上,北部,36.0,23216.31,2376.01,1
2026-01-04,线上,东部,34.0,33026.2,264.6,1
2025-11-19,线上,东部,25.0,,223.54,0
2025-11-19,线下,南部,37.0,38683.61,533.71,0
2026-01-29,线上,南部,39.0,95875.42,580.64,1
2026-01-23,线上,西部,44.0,,1034.24,0
2026-01-03,线下,南部,45.0,17556.6,772.46,0
2025-12-05,线上,南部,38.0,46406.58,1944.54,0
2025-12-28,线上,南部,30.0,20028.27,1157.84,0
2025-11-30,线下,北部,25.0,13686.56,279.86,1
2025-11-02,线上,东部,47.0,,807.27,1
2026-01-21,线上,东部,30.0,30282.46,-1558.158044905348,0
2026-01-29,线下,北部,44.0,27958.59,1083.61,1
2025-11-05,线上,东部,41.0,27102.72,171.28,0
2025-12-22,线上,东部,33.0,31950.46,119.4,0
2026-01-27,线上,南部,46.0,33350.93,154.59,0
2026-01-13,线上,东部,35.0,14629.8,678.64,0
2026-01-23,线下,西部,45.0,19508.99,725.54,1
2026-01-11,线上,北部,33.0,38705.44,93.7,1
2025-12-30,线下,西部,33.0,32750.9,1148.73,0
2025-12-16,线上,西部,34.0,14047.12,700.52,0
2025-12-22,线上,西部,52.0,25180.61,674.2,0
2025-11-02,线上,东部,38.0,29812.18,1784.29,0
2025-12-18,线上,西部,35.0,13952.56,528.43,0
2025-11-03,线下,南部,22.0,6251.12,1310.98,0
2025-11-08,线下,西部,29.0,16542.15,303.04,0
2026-01-14,线上,北部,25.0,45214.08,536.17,0
2025-11-09,线上,西部,19.0,13478.25,626.38,1
2025-12-21,线上,东部,28.0,29826.25,409.62,0
2026-01-02,线下,南部,50.0,14479.02,1942.05,0
2025-11-03,线下,北部,44.0,20770.36,869.13,1
2026-01-26,线上,南部,,,657.39,0
2025-12-08,线上,南部,31.0,35464.64,1317.16,0
2025-12-16,线上,北部,30.0,67166.09,1145.24,0
2026-01-24,线上,西部,22.0,7433.11,965.59,1
2025-11-01,线上,东部,42.0,26994.48,840.86,0
2025-11-12,线下,南部,32.0,40732.08,1201.34,1
2026-01-14,线下,西部,33.0,32586.41,566.09,0
2025-11-29,线下,北部,40.0,27994.1,587.32,1
2026-01-14,线上,西部,26.0,17387.51,378.85,1
2026-01-23,线上,北部,43.0,,1568.59,0
2025-12-01,线上,南部,22.0,20799.63,910.67,0
2025-11-01,线下,东部,22.0,62682.18,600.38,0
2026-01-01,线下,南部,74.6129439732992,28475.82,262.8,0
2026-01-11,线下,东部,38.0,49334.93,1349.48,1
2025-11-13,线上,北部,36.0,15589.47,764.01,1
2025-11-23,线上,西部,19.0,,750.57,0
2025-11-15,线上,西部,41.0,41313.84,583.26,1
2025-12-25,线上,北部,46.0,17582.53,488.8,0
2026-01-04,线下,南部,32.0,15394.84,630.71,0
2025-11-03,线下,北部,,20058.78,1138.31,0
2025-12-16,线下,南部,49.0,20505.01,,1
2026-01-05,线上,西部,29.0,66589.26,1025.06,0
2025-12-24,线上,北部,18.0,8953.52,734.24,0
2026-01-28,线下,南部,39.0,19406.87,624.56,0
2025-12-18,线上,东部,29.0,,486.55,0
2026-01-23,线上,西部,41.0,,1706.9,1
2026-01-24,线下,南部,29.0,54672.21,55.02,0
2025-11-17,线上,东部,33.0,26838.05,457.58,0
2026-01-10,线下,东部,31.0,21432.76,1415.48,0
2025-12-27,线上,南部,29.0,66055.83,936.53,1
2026-01-20,线上,南部,,36969.05,310.26,0
2025-11-23,线上,北部,46.0,26036.1,626.47,0
2025-11-27,线上,东部,27.0,14786.94,620.09,0
2025-12-07,线上,东部,38.0,23825.41,522.14,1
2026-01-28,线上,东部,30.0,18577.43,,0
2026-01-29,线上,东部,34.0,15774.7,242.66,1
2026-01-13,线上,南部,42.0,46218.76,1741.8,0
2025-11-05,线上,南部,35.0,15441.42,171.61,0
2025-11-09,线下,北部,48.0,13984.86,1094.82,0
2026-01-01,线上,南部,23.0,48078.09,253.62,1
2025-11-08,线上,东部,21.0,26179.51,657.22,0
2026-01-27,线上,南部,32.0,9929.11,145.05,1
2025-11-18,线下,南部,37.0,33636.84,281.45,0
2026-01-24,线上,南部,,16661.29,668.19,0
2025-12-01,线上,西部,29.0,25704.34,536.65,0
2025-11-24,线上,北部,34.0,34453.28,118.87,0
2025-11-20,线下,东部,-5.02978607856236,68622.31,711.42,0
2026-01-09,线上,东部,42.0,37118.15,1177.65,0
2025-11-05,线下,北部,42.0,14995.12,1243.37,1
2025-12-24,线上,东部,37.0,52215.84,476.53,0
2025-12-11,线下,西部,34.0,19926.17,292.67,0
2025-12-20,线上,西部,34.0,15908.28,349.1,0
2025-11-24,线上,南部,27.0,35660.45,467.66,1
2025-11-06,线上,南部,22.0,32828.02,946.4,0
2025-12-12,线上,南部,41.0,13362.03,1000.33,0
2025-11-29,线下,南部,38.0,40151.67,2422.86,0
2026-01-10,线上,南部,37.0,25053.52,894.64,1
2025-12-01,线上,南部,29.0,68312.32,971.14,0
2025-11-29,线上,东部,26.0,13094.68,740.31,0
2025-12-05,线上,北部,41.0,19917.82,846.93,0
2025-11-04,线下,西部,37.0,48175.82,335.7,0
2025-12-15,线下,西部,33.0,29182.82,1228.33,0
2026-01-15,线下,北部,44.0,23317.15,1521.47,1
2025-12-16,线下,南部,48.0,33949.2,542.83,0
2025-12-15,线上,西部,48.0,7187.38,254.76,0
2025-12-15,线上,北部,,30638.47,648.73,0
2025-11-22,线上,东部,39.0,21457.19,445.79,0
2025-11-10,线上,西部,42.0,11112.42,102.56,1
2026-01-23,线上,南部,23.0,36136.72,749.33,0
2026-01-10,线下,北部,55.0,22303.16,423.49,0
2026-01-06,线上,北部,30.0,49891.12,668.32,1
2025-11-06,线上,北部,42.0,34507.18,211.35,0
2025-12-08,线上,北部,40.0,27651.38,777.3,0
2025-11-01,线下,南部,,27409.85,868.85,0
2025-12-02,线上,南部,34.0,45320.72,1117.85,0
2025-11-09,线上,西部,27.0,11356.5,377.72,0
2025-11-07,线上,西部,35.0,57858.58,401.07,1
2025-12-12,线上,东部,36.0,37851.5,336.12,0
2025-11-26,线下,东部,26.0,63308.87,630.63,0
2026-01-27,线上,南部,45.0,,1280.06,0
2026-01-04,线上,西部,18.0,,418.08,0
2025-12-02,线下,北部,40.0,16699.74,-1558.158044905348,0
2025-11-07,线上,东部,44.0,40374.2,427.09,0
2025-12-29,线上,北部,31.0,18210.29,580.24,0
2025-12-04,线上,西部,22.0,38952.47,210.79,0
2025-12-05,线下,南部,34.0,32028.14,365.41,0
2025-12-24,线上,西部,33.0,23363.1,349.32,1
2025-12-07,线上,西部,31.0,26083.61,523.02,0
2026-01-06,线上,北部,25.0,41016.73,987.52,0
2026-01-18,线上,北部,58.0,24834.89,,0
2026-01-06,线上,西部,34.0,36929.11,494.78,1
2026-01-28,线下,北部,30.0,9371.94,483.36,0
2025-11-27,线上,东部,30.0,15858.05,1066.37,1
2025-11-28,线上,北部,39.0,20215.99,1200.98,0
2025-11-30,线下,西部,36.0,44469.52,640.39,0
2025-11-18,线下,北部,24.0,20339.42,1109.65,1
2025-11-15,线上,北部,31.0,36410.91,982.51,0
2025-11-18,线下,南部,38.0,20663.33,,0
2026-01-05,线下,北部,31.0,15873.15,380.59,0
2025-12-16,线下,东部,41.0,23390.92,-1558.158044905348,0
2025-11-24,线上,东部,38.0,23899.97,276.95,1
2025-12-30,线上,南部,43.0,38091.95,1328.16,1
2025-12-14,线上,北部,41.0,39942.08,1473.06,0
2025-11-01,线下,东部,39.0,42464.52,3062.02606595798,1
2026-01-20,线上,西部,47.0,54263.94,1062.31,0
2025-12-04,线上,东部,24.0,28870.12,575.53,0
2025-11-01,线上,西部,22.0,13380.27,689.13,0
2025-11-17,线上,南部,28.0,15312.24,828.91,0
2026-01-17,线下,南部,32.0,23056.61,1098.68,1
2025-12-28,线上,西部,33.0,50633.58,1418.53,1
2026-01-06,线上,北部,20.0,16818.43,1322.19,0
2025-11-30,线上,南部,45.0,,,1
2025-12-29,线上,北部,35.0,-50651.259934890404,207.02,1
2025-11-28,线上,东部,36.0,20436.73,329.82,0
2025-12-07,线下,东部,26.0,45547.95,713.78,0
2025-11-16,线上,西部,33.0,21343.97,840.04,1
2025-12-27,线下,西部,31.0,24450.55,665.88,0
2025-12-25,线下,东部,37.0,26111.18,461.48,0
2026-01-25,线上,南部,43.0,24671.41,140.84,0
2025-12-31,线下,西部,35.0,18788.41,244.51,0
2025-11-09,线下,东部,28.0,16683.07,339.67,0
2025-11-24,线上,北部,37.0,34979.79,515.01,1
2025-11-07,线下,南部,36.0,,154.21,0
2025-11-26,线上,北部,28.0,25735.82,,0
2025-12-01,线上,西部,35.0,13461.07,446.66,1
2026-01-24,线上,东部,21.0,26257.31,622.5,0
2025-11-10,线上,西部,35.0,,305.06,0
2025-12-17,线上,西部,11.0,37720.2,545.04,0
2026-01-22,线上,南部,31.0,69598.92,375.44,0
2025-11-28,线下,南部,41.0,22001.68,1721.73,0
2026-01-10,线上,西部,30.0,26317.51,1194.98,0
2025-11-30,线上,西部,36.0,,1034.66,0
2025-11-15,线上,东部,36.0,12503.87,683.69,1
2025-12-23,线上,西部,33.0,42228.47,632.17,0
2025-12-04,线下,南部,25.0,13470.12,665.27,0
2025-11-01,线下,东部,25.0,30508.42,193.08,1
2025-12-08,线上,北部,28.0,39753.78,,1
2025-12-06,线上,南部,38.0,65170.38,642.1,0
2026-01-25,线下,北部,43.0,41759.02,292.03,0
2026-01-17,线下,西部,27.0,46136.82,1022.59,0
2025-11-30,线上,西部,29.0,38912.38,1582.38,0
2026-01-06,线下,南部,32.0,47172.29,472.62,0
2025-12-14,线上,南部,46.0,19370.7,953.57,0
2026-01-21,线上,西部,30.0,82076.16,941.27,0
2025-12-18,线上,北部,43.0,20423.86,414.74,0
2025-11-08,线上,南部,31.0,19948.93,499.79,1
2026-01-10,线上,西部,32.0,53803.8,639.89,1
2025-12-31,线上,北部,30.0,88769.57,1121.34,0
2026-01-18,线上,北部,33.0,42424.41,1353.96,1
2026-01-04,线上,南部,,42144.22,246.28,0
2025-12-31,线下,北部,34.0,20251.62,2199.64,1
2025-12-03,线上,北部,27.0,23731.75,666.91,0
2025-12-03,线上,东部,34.0,16562.18,661.65,0
2025-12-05,线下,西部,19.0,18539.69,565.43,0
2025-11-21,线上,南部,29.0,65833.58,1422.44,1
2026-01-03,线上,东部,32.0,13648.03,511.74,0
2025-12-06,线下,西部,-5.02978607856236,42812.87,1377.17,1
2026-01-26,线上,西部,20.0,49486.63,408.57,0
2025-12-22,线上,东部,36.0,24955.33,722.29,0
2025-11-28,线上,西部,22.0,30342.2,319.22,0
2026-01-09,线下,东部,51.0,4522.92,427.97,0
2025-12-12,线上,北部,45.0,30006.34,966.81,0
2026-01-26,线上,南部,,17232.77,974.63,0
2026-01-12,线上,北部,34.0,8769.47,781.82,1
2026-01-18,线上,北部,19.0,33983.12,1456.47,1
2026-01-27,线下,东部,49.0,17372.36,503.9,0
2026-01-10,线上,北部,36.0,25124.0,116.75,0
2026-01-24,线上,东部,49.0,26128.58,940.53,0
2026-01-21,线上,东部,45.0,37633.17,1267.39,1
2025-11-14,线上,东部,38.0,23998.93,1137.82,0
2026-01-02,线下,北部,27.0,22805.51,1048.39,0
2025-12-21,线上,南部,28.0,21298.17,616.17,0
2026-01-25,线下,东部,33.0,24138.64,3062.02606595798,0
2026-01-08,线上,南部,35.0,42717.84,,0
2025-12-17,线上,北部,34.0,41429.59,1035.57,0
2025-12-28,线上,东部,37.0,21163.99,163.31,0
2025-11-09,线上,北部,46.0,26330.58,461.22,0
2025-12-02,线上,北部,50.0,23847.59,1020.58,0
2026-01-05,线上,西部,22.0,15086.41,1052.6,0
2025-12-09,线下,东部,39.0,78461.56,1165.28,1
2026-01-25,线上,南部,43.0,18455.68,434.17,0
2025-12-30,线上,南部,36.0,36593.7,1479.34,0
2025-11-03,线下,西部,39.0,28048.8,391.01,0
2025-11-15,线上,南部,30.0,44727.98,576.01,0
2025-12-26,线下,西部,36.0,8227.56,884.83,1
2026-01-11,线下,北部,34.0,38881.56,1316.79,0
2025-11-28,线下,西部,29.0,35661.91,406.27,0
2025-12-06,线上,东部,31.0,7206.81,1144.74,0
2025-12-07,线上,西部,38.0,30963.43,437.13,1
2025-11-23,线上,北部,32.0,37144.26,197.52,0
2026-01-22,线下,西部,34.0,14799.86,296.61,0
2025-12-16,线上,南部,33.0,20773.85,751.96,0
2025-12-01,线下,东部,31.0,24028.18,131.68,0
2026-01-24,线下,西部,26.0,17936.91,606.44,0
2025-12-27,线下,南部,25.0,22580.36,988.15,1
2025-11-01,线下,北部,36.0,66518.37,1123.72,0
2025-12-09,线下,北部,32.0,36464.53,690.22,0
2025-12-31,线上,东部,25.0,30663.58,1148.61,0
2026-01-23,线上,东部,30.0,41804.97,723.23,1
2025-12-17,线下,南部,38.0,17963.53,1619.47,1
2025-12-04,线上,西部,39.0,,337.09,0
2025-11-30,线上,北部,22.0,22434.9,1216.18,0
2025-11-09,线上,西部,39.0,29590.5,1312.63,1
2025-11-09,线上,南部,20.0,30708.09,450.58,0
2025-12-08,线上,北部,30.0,21372.3,619.01,0
2026-01-10,线上,南部,42.0,10902.1,692.4,1
2025-12-07,线下,西部,26.0,32913.51,524.23,0
2025-11-13,线下,北部,42.0,17185.53,329.32,0
2026-01-19,线上,东部,,18527.12,1114.18,0
2026-01-13,线下,东部,50.0,40325.54,1195.62,0
2025-11-30,线上,西部,48.0,,812.13,0
2025-12-01,线下,北部,38.0,60408.17,327.67,0
2025-11-27,线上,西部,33.0,25090.76,1067.48,0
2025-11-14,线上,东部,,25684.4,685.96,0
2025-12-07,线上,东部,38.0,23520.59,,0
2025-12-13,线下,东部,41.0,27281.97,858.37,0
2026-01-02,线上,东部,39.0,22698.76,654.87,1
2025-11-17,线上,北部,37.0,25785.85,1117.35,0
2025-12-09,线下,东部,26.0,22215.84,,0
2025-11-02,线上,西部,42.0,33783.6,501.5,1
2025-12-17,线下,北部,30.0,39763.3,1160.13,0
2025-12-08,线下,西部,47.0,21636.31,310.2,1
2026-01-03,线上,东部,31.0,22213.97,48.61,0
2025-12-22,线上,西部,36.0,35324.13,564.01,0
2025-11-03,线上,南部,47.0,62024.93,1552.23,0
2025-11-13,线上,西部,38.0,18805.76,1054.43,0
2025-11-12,线上,西部,28.0,24944.41,591.77,0
2026-01-14,线下,东部,43.0,31862.43,1006.24,1
2026-01-05,线下,北部,35.0,95239.73,798.0,0
2025-11-15,线上,东部,41.0,16916.11,284.24,0
2026-01-21,线上,南部,32.0,75974.01,482.39,0
2025-12-18,线上,北部,37.0,,445.51,1
2026-01-18,线上,西部,48.0,31556.32,255.04,0
2025-11-19,线下,东部,35.0,11048.46,1126.6,0
2026-01-03,线上,北部,53.0,18457.47,417.75,0
2025-12-28,线上,东部,74.6129439732992,24208.67,293.53,0
2026-01-28,线下,东部,40.0,,660.82,0
2025-12-09,线上,东部,36.0,23274.26,761.66,0
2026-01-16,线下,东部,31.0,36924.91,572.7,0
2025-11-06,线下,西部,40.0,30084.02,505.68,0
2026-01-02,线下,西部,35.0,21215.82,807.33,0
2025-12-21,线上,南部,38.0,33281.0,2892.2,0
2025-12-28,线上,南部,45.0,35566.04,296.14,0
2026-01-11,线上,西部,32.0,17808.29,2149.71,0
2026-01-16,线上,北部,40.0,28698.5,219.45,0
2025-11-07,线上,西部,19.0,71959.41,282.65,1
2026-01-19,线下,西部,45.0,45112.5,1083.34,0
2025-12-12,线上,西部,25.0,70672.45,1038.27,1
2025-11-25,线下,南部,34.0,28373.01,852.01,0
2025-11-06,线下,北部,38.0,20978.49,1291.27,1
2026-01-16,线上,南部,38.0,17773.33,1076.28,1
2026-01-04,线下,北部,39.0,20404.54,,1
2025-12-23,线上,南部,39.0,99347.92,813.47,0
2025-11-05,线上,东部,52.0,14194.42,579.64,0
2025-11-01,线下,西部,46.0,14092.69,710.14,1
2025-11-27,线下,南部,40.0,11180.97,1604.42,0
2025-11-18,线下,西部,20.0,26841.99,1335.26,1
2026-01-08,线上,南部,31.0,26692.2,864.29,0
2026-01-10,线上,南部,48.0,24326.73,347.52,1
2025-11-19,线上,西部,18.0,,104.17,0
2025-12-01,线上,西部,31.0,27465.88,1000.94,0
2025-11-06,线上,西部,,14749.12,563.34,0
2026-01-15,线上,东部,52.0,24023.57,460.56,0
2025-11-04,线上,南部,31.0,52875.27,988.26,1
2025-12-25,线下,北部,36.0,18557.08,1417.98,0
2025-12-26,线上,南部,30.0,39928.63,955.18,1
2026-01-28,线上,北部,22.0,23094.88,536.7,0
2025-12-11,线下,北部,35.0,38839.16,1283.29,0
2026-01-08,线上,东部,29.0,29026.68,1167.33,1
2025-11-25,线下,西部,27.0,22167.42,855.09,0
2025-11-09,线上,北部,34.0,22934.47,1515.37,1
2026-01-14,线上,西部,,,1283.77,0
2026-01-15,线下,北部,32.0,31849.91,162.41,1
2026-01-23,线上,南部,27.0,46308.05,487.24,1
2025-12-30,线上,北部,32.0,11642.0,99.37,0
2025-11-11,线下,西部,36.0,26727.25,1170.57,1
2025-11-20,线上,南部,32.0,26354.52,473.87,0
2025-12-22,线下,南部,42.0,27806.27,314.44,0
2025-12-17,线上,南部,33.0,16158.9,2081.98,1
2025-11-09,线上,东部,44.0,16324.46,752.93,0
2025-11-15,线上,南部,37.0,34079.99,539.94,0
2025-12-27,线上,南部,28.0,29981.26,659.81,1
2025-12-04,线上,东部,45.0,44365.07,555.62,0
2026-01-21,线下,北部,37.0,7836.02,680.78,0
2026-01-07,线上,北部,47.0,50128.11,286.65,0
2025-12-12,线上,南部,47.0,28771.57,761.86,1
2025-12-11,线下,北部,31.0,37216.94,557.99,1
2025-11-10,线上,东部,40.0,49861.05,333.9,0
2025-12-30,线上,东部,30.0,43227.47,71.66,1
2026-01-13,线下,北部,30.0,23636.56,570.17,1
2026-01-20,线上,北部,28.0,23045.32,825.74,0
2025-11-22,线下,西部,50.0,33027.45,271.36,0
2026-01-03,线下,南部,47.0,30185.08,892.69,0
2025-12-04,线上,西部,47.0,47199.05,,0
2025-11-09,线上,北部,25.0,7728.33,878.84,0
2025-11-14,线下,东部,40.0,,1258.4,0
2025-12-08,线上,北部,32.0,61395.87,508.05,1
2025-11-02,线上,西部,30.0,40167.12,2154.94,1
2025-11-29,线上,西部,34.0,30511.99,1886.76,1
2025-12-15,线上,东部,37.0,45731.7,649.95,1
2025-12-14,线上,东部,36.0,15281.85,777.85,0
2026-01-18,线下,西部,27.0,27712.63,348.66,1
2026-01-20,线下,南部,33.0,36538.03,1359.53,0
2025-12-06,线上,东部,41.0,51318.77,281.61,0
2025-12-01,线上,南部,47.0,24728.96,411.77,1
2026-01-27,线上,东部,39.0,,1332.51,0
2026-01-06,线下,西部,31.0,22473.29,2288.2,0
2025-11-16,线上,西部,50.0,28007.46,977.52,0
2025-12-13,线上,西部,42.0,16529.5,1036.61,1
2025-12-23,线上,东部,33.0,34025.47,2322.43,0
2026-01-15,线上,东部,25.0,39159.24,786.44,0
2025-12-17,线上,东部,20.0,50783.77,186.42,1
2025-11-22,线下,北部,48.0,59169.98,641.94,1
2026-01-26,线上,北部,43.0,14523.52,773.46,0
2025-12-18,线上,北部,33.0,41382.33,1129.48,0
2025-12-21,线下,西部,38.0,16869.59,197.2,0
2025-12-27,线上,东部,26.0,17948.72,742.59,0
2026-01-24,线下,东部,44.0,37447.86,863.42,1
2025-12-04,线上,西部,28.0,24714.55,201.76,0
2026-01-17,线上,西部,27.0,56306.84,203.94,0
2025-12-21,线下,西部,45.0,23054.47,696.53,0
2026-01-19,线上,东部,29.0,44925.7,1028.29,0
2025-11-27,线上,东部,-5.02978607856236,35152.52,1056.41,0
2026-01-18,线上,北部,44.0,55628.93,367.21,0
2026-01-28,线下,北部,,30484.78,772.98,0
2025-12-16,线下,南部,45.0,29613.18,271.5,0
2026-01-01,线下,东部,27.0,16927.24,734.59,0
2026-01-14,线上,西部,35.0,21446.14,1688.29,0
2025-12-27,线上,北部,,,533.5,0
2026-01-23,线上,北部,38.0,,501.15,1
2026-01-24,线上,西部,36.0,22857.0,736.04,0
2025-11-16,线下,北部,32.0,17833.94,648.72,1
2025-12-10,线下,南部,33.0,26382.62,1002.81,1
2026-01-12,线下,西部,32.0,23435.04,999.06,0
2026-01-28,线上,东部,40.0,78002.54,677.57,0
2026-01-21,线下,南部,26.0,15652.22,151.19,0
2025-11-09,线下,西部,35.0,13589.02,1866.69,0
2026-01-13,线上,西部,38.0,12363.16,876.46,1
2026-01-28,线下,南部,33.0,24444.09,861.76,1
2025-11-11,线下,南部,41.0,38335.09,384.41,1
2026-01-04,线下,东部,30.0,32903.94,798.32,0
2025-12-13,线上,西部,42.0,32430.75,156.01,0
2025-12-23,线上,西部,46.0,93757.96,957.81,0
2026-01-27,线下,北部,30.0,59176.75,405.57,0
2025-12-03,线上,北部,30.0,62157.19,715.61,1
2025-11-25,线上,西部,23.0,30506.7,205.63,0
2025-11-19,线下,南部,,32880.08,,0
2025-11-18,线下,北部,52.0,59261.47,336.89,1
2026-01-28,线下,东部,32.0,21416.98,1304.8,0
2025-11-23,线下,西部,35.0,33981.32,894.57,0
2025-11-22,线下,东部,21.0,10114.99,461.94,0
